,Title,Movie Rating,Movie Revenue,Book Title,Book Rating,Average Votes
0,around the world in eighty days,7.8,,"Around the World in Eighty Days (Extraordinary Voyages, #11)",3.92,156130
1,body snatchers,5.9,,Invasion of the Body Snatchers,3.89,17377
2,frankenstein,7.9,,Frankenstein,3.77,992321
3,the invisible man,7.7,,Invisible Man,3.85,139972
4,journey to the center of the earth,5.8,101653320.0,"Journey to the Center of the Earth (Extraordinary Voyages, #3)",3.85,126382
5,the mysterious island,6.0,,"The Mysterious Island (Extraordinary Voyages, #12)",4.1,38413
6,nineteen eighty-four,7.6,,Nineteen Eighty-Four,4.16,2486828
7,planet of the apes,5.7,178094583.0,Planet of the Apes,3.93,28725
8,twenty thousand leagues under the sea,6.0,,"Twenty Thousand Leagues Under the Sea (Extraordinary Voyages, #6)",3.87,167476
9,village of the damned,5.6,,Retirement Village of the Damned,3.17,6
10,village of the damned,5.6,,Retirement Village of the Damned,3.17,6
11,the war of the worlds,7.2,,The War of the Worlds,3.81,206345
12,witch mountain,5.7,67128202.0,Escape to Witch Mountain,3.88,2996
13,the 5th wave,5.2,,"The 5th Wave (The 5th Wave, #1)",4.07,338308
14,the 27th day,6.2,,The 27th Day,3.46,39
15,2010: the year we make contact,,,2010: The Year We Make Contact,4.67,6
16,"20,000 leagues under the sea",7.2,,"20,000 Leagues Under the Sea",3.84,1779
17,action replayy,,,Action Replayy,0.0,0
18,aelita,,,Aelita,3.65,926
19,altered states,6.9,,"Altered States (Altered States, #0.5)",3.6,653
20,amphibian man,7.2,,The Amphibian,4.14,3130
21,the andromeda nebula,,,Andromeda Nebula,4.0,2
22,the andromeda strain,7.2,,The Andromeda Strain,3.89,196563
23,anna to the infinite power,6.6,,Anna to the Infinite Power,3.91,549
24,annihilation,6.9,20636742.0,"Annihilation (Southern Reach, #1)",3.67,116115
25,atlas shrugged,5.7,4563873.0,Atlas Shrugged (SparkNotes Literature Guides),3.45,20
26,atlas shrugged: part i,5.7,4563873.0,"Atlas Shrugged, Part A",4.19,2350
27,atlas shrugged: part ii,,,,,
28,atlas shrugged part iii: who is john galt?,,,,,
29,atragon,6.1,,Atragon,0.0,0
30,babylon a.d.,5.6,22489779.0,Babylon A.D.,3.35,486
31,battle royale,7.7,,Battle Royale,4.25,45979
32,battlefield earth,2.5,,Battlefield Earth: A Saga of the Year 3000,3.51,15360
33,the beastmaster,6.2,,"Blademage Beastmaster (Blademage, #1)",3.85,410
34,bicentennial man,6.9,,The Bicentennial Man and Other Stories,4.08,10431
35,"bill, the galactic hero",5.3,,"Bill, the Galactic Hero (Bill, the Galactic Hero, #1)",3.59,3610
36,bird box,6.7,,Bird Box,4.03,78143
37,blackbirds at bangpleng,,,,,
38,blueprint,5.6,,Blueprints,3.72,6219
39,the boys from brazil,7.0,,The Boys from Brazil,4.06,30129
40,brave new world,5.3,,Brave New World,3.98,1225092
41,buddha's little finger,5.4,,Buddha's Little Finger,4.26,4002
42,by dawn's early light,7.1,,Dawn's Early Light (Williamsburg #1),4.26,1169
43,carnosaur,3.5,,Carnosaur,3.34,96
44,cell,4.3,,Cell,3.65,171139
45,chaos walking,,,"The Knife of Never Letting Go (Chaos Walking, #1)",3.97,129876
46,charly,7.1,,The Library at Mount Char,4.08,23199
47,charodei,7.3,,Charodei ponevole,0.0,0
48,children of men,7.9,35100000.0,The Children of Men,3.68,35227
49,children of the damned,6.2,,"Revenger, Vol. 1: Children of the Damned",3.63,41
50,the circle,5.3,20476300.0,The Circle,3.44,160744
51,city of ember,6.5,7800000.0,"The City of Ember (Book of Ember, #1)",3.86,220889
52,a clockwork orange,8.3,,A Clockwork Orange,3.99,517714
53,cloud atlas,7.5,22100000.0,Cloud Atlas,4.02,189801
54,cocoon,6.7,,Cocoon,3.95,317
55,colossus: the forbin project,7.2,,"Films Directed by Joseph Sargent (Study Guide): Jaws: The Revenge, the Taking of Pelham One Two Three, Colossus: The Forbin Project, Nightmares",0.0,0
56,congo,5.1,,Congo,3.58,144044
57,the congress,6.5,,The Futurological Congress: From the Memoirs of Ijon Tichy,4.21,7791
58,conquest of space,5.8,,The Conquest of Space,4.23,31
59,contact 1997 american,,,"Focus On: Search for Extraterrestrial Intelligence: Fermi Paradox, Kardashev Scale, Wow! Signal, Dyson Sphere, Contact (1997 American film), Voyager Golden ... Pioneer Plaque, Arecibo Message, etc.",0.0,0
60,countdown,6.0,,Countdown,3.72,1610
61,damnation alley,5.2,,Damnation Alley,3.55,4046
62,dandelion wine,,,Dandelion Wine,4.09,46040
63,dark planet,5.2,,"Dark Planet Falling (Dark Planet Warriors, #2)",4.07,2042
64,the darkest minds,5.6,,"The Darkest Minds (The Darkest Minds, #1)",4.21,120133
65,the day of the dolphin,6.1,,The Day of the Dolphin,3.83,749
66,the day of the triffids,6.1,,The Day of the Triffids,4.01,75896
67,days of eclipse,7.3,,"Lietuvos Roko Atlik Jai: Andrius Mamontovas, Days of Eclipse, Antis, LT United, Atalyja, Amberlife, Gyvai, Poliarizuoti Stiklai",0.0,0
68,dead mountaineer's hotel,,,The Dead Mountaineer Hotel,0.0,0
69,deathlands: homeward bound,,,"Homeward Bound (Deathlands, #5)",3.83,406
70,deluge,6.2,,The Deluge,3.49,293
71,demon seed,6.3,,Demon Seed,3.4,12703
72,destination moon,6.4,,"Destination Moon (Tintin, #16)",4.17,11087
73,list of adaptations of works by philip k. dick,,,,,
74,divergent,6.7,129520735.0,"Divergent (Divergent, #1)",4.21,2531033
75,the divergent series: allegiant,,,"The World of Divergent: The Path to Allegiant (Divergent, #2.5)",3.97,30336
76,the divergent series: insurgent,,,"Divergent Series (Divergent, Insurgent, Allegiant): by Veronica Roth -- Sidekick",4.46,61
77,dreamscape,6.3,,Nightmares and Dreamscapes,3.92,65950
78,dune,6.6,,"Dune (Dune Chronicles, #1)",4.21,597667
79,eagle eye,6.6,101111837.0,"Eagle Eye (Shadows in the Dark, #6)",0.0,0
80,earth vs. the flying saucers,6.4,,Earth vs. the Flying Saucers,0.0,0
81,edge of tomorrow,7.9,77121429.0,The Edge of Tomorrow,3.94,1057
82,the end of eternity,,,The End of Eternity,4.23,37023
83,ender's game,6.6,61656849.0,"Ender's Game (Ender's Saga, #1)",4.3,982524
84,escape to witch mountain,6.4,,Escape to Witch Mountain,3.88,2996
85,f.p.1,,,Twenty Thousand Leagues Under the Sea,3.87,167478
86,the face of another,8.0,,The Face of Another,3.78,2717
87,fahrenheit 451,7.3,,Fahrenheit 451,3.98,1355170
88,fantastic planet,7.8,,Fantastic Planet,3.43,21
89,fatherland,6.5,,Fatherland,3.97,28586
90,the final programme,5.6,,The Final Programme,3.54,728
91,four sided triangle,5.9,,Four-Sided Triangle,3.6,30
92,freejack,5.3,,Freejack,3.82,1799
93,the girl who leapt through time,7.8,,The Girl Who Leapt Through Time,3.34,1607
94,the girl with all the gifts,6.7,,"The Girl With All the Gifts (The Girl With All the Gifts, #1)",3.94,157509
95,the giver,6.5,33480518.0,The Giver,4.12,1485533
96,the gladiator,5.5,,"Gladiator (Galactic Gladiators, #1)",4.0,2265
97,goldengirl,4.5,,Goldengirl,3.27,44
98,gor,3.5,,Tarnsman of Gor (Gor #1),3.41,3586
99,guest from the future,8.4,,The Guest from the Future: Anna Akhmatova and Isaiah Berlin,3.84,19
100,the handmaid's tale,8.6,,The Handmaid's Tale,4.09,996490
101,hard to be a god,6.7,,Hard to Be a God,4.22,8061
102,harrison bergeron,7.4,,Harrison Bergeron,4.22,12163
103,the high crusade,5.0,,The High Crusade,3.9,3121
104,the hitchhiker's guide to the galaxy,6.8,51019112.0,"The Hitchhiker's Guide to the Galaxy (Hitchhiker's Guide to the Galaxy, #1)",4.22,1184113
105,the host,5.9,26609448.0,"The Host (The Host, #1)",3.84,816711
106,the hunger games,7.2,407981652.0,The Hunger Games Series (A BookCaps Study Guide),4.34,67
107,i am legend,7.2,256399999.0,I Am Legend,4.06,74747
108,i am number four,6.1,55086029.0,"I Am Number Four (Lorien Legacies, #1)",3.94,290823
109,i am omega,3.3,,I Am Legend,4.06,74747
110,in search of the castaways,6.7,,"In Search of the Castaways; or the Children of Captain Grant (Extraordinary Voyages, #5)",4.08,9197
111,the incredible shrinking man,7.7,,The Incredible Shrinking Man,3.83,6
112,the incredible shrinking woman,5.4,,The Incredible Shrinking Woman,2.67,6
113,the iron giant,8.0,,The Art of the Iron Giant - CANCELLED,4.28,46
114,the iron heel,,,The Iron Heel,3.75,6876
115,the iron heel of oligarchy,5.9,,,,
116,the island at the top of the world,6.3,,Island At The Top Of The World,3.85,127
117,jumper,6.1,80055499.0,"Jumper (Jumper, #1)",3.9,12140
118,jurassic park,8.1,45299680.0,"Jurassic Park (Jurassic Park, #1)",4.0,716286
119,k-pax,7.4,50040205.0,"K-Pax (K-Pax, #1)",4.09,2382
120,kamikaze 1989,,,,,
121,the land that time forgot,5.7,,"The Land That Time Forgot (Caspak, #1)",3.81,2377
122,the last man on earth,7.4,,"The Last Man on Earth (The Graysons, #1)",3.42,826
123,lathe of heaven,5.9,,The Lathe of Heaven,4.1,41770
124,the lathe of heaven,7.2,,The Lathe of Heaven,4.1,41770
125,lifeforce,6.1,,Hippocrates Lifeforce: Superior Health and Longevity,4.26,35
126,logan's run,6.8,,"Logan's Run (Logan, #1)",3.67,9072
127,lorelei: the witch of the pacific ocean,5.3,,,,
128,the lost world: jurassic park,6.5,,The Lost World (Jurassic Park #2),3.76,104826
129,les maîtres du temps,,,Le Maître Du Temps,4.33,3
130,the man who fell to earth,6.7,,The Man Who Fell to Earth,4.03,5035
131,marooned,5.8,,"Marooned in Realtime (Across Realtime, #2)",4.08,4670
132,the martian,8.0,202313768.0,The Martian,4.4,652644
133,the maze runner,6.8,98537272.0,"The Maze Runner (The Maze Runner, #1)",4.03,872243
134,maze runner: the death cure,6.3,57074211.0,Maze Runner: The Death Cure: The Official Graphic Novel Prelude,3.92,106
135,maze runner: the scorch trials,6.3,,Maze Runner: The Scorch Trials: The Official Graphic Novel Prelude,3.92,2624
136,the meg,5.7,,"Meg (MEG, #1)",3.75,15651
137,memoirs of an invisible man,5.9,,Memoirs of an Invisible Man,4.11,1465
138,metropolis,8.3,529603.0,"Dark Metropolis (Dark Metropolis, #1)",3.43,1116
139,millennium,8.1,,"The Girl with the Dragon Tattoo (Millennium, #1)",4.13,2224337
140,mission stardust,3.9,,The Extended Mission of Stardust Four Zero,3.0,1
141,mortal engines,6.5,,Mortal Engines,3.83,1984
142,mr. murder,,,Mr. Murder,3.74,22333
143,never let me go,7.2,2412045.0,Never Let Me Go,3.81,386767
144,night of the big heat,,,Night Of The Big Heat,3.44,18
145,night of the lepus,4.0,,,,
146,oasis,8.0,,The Hidden Oasis,3.78,2155
147,the omega man,6.6,,"Omega, the Man",3.29,17
148,on the silver globe,7.3,,Tarzan And The Silver Globe ..,2.83,6
149,panic in year zero!,6.7,,,,
150,paprika,7.7,720502.0,Paprika,3.26,2019
151,parasite eve,5.9,,Parasite Eve,3.59,1164
152,the people that time forgot,5.4,,"The People That Time Forgot (Caspak, #2)",3.7,1706
153,the postman,6.0,,The Postman,3.88,28329
154,the power,6.1,,The Power,3.88,85666
155,the prestige,8.5,53100000.0,The Prestige,3.88,15622
156,princess of mars,3.1,,"A Princess of Mars (Barsoom, #1)",3.8,46302
157,professor dowell's testament,,,,,
158,project x,6.7,53400000.0,Project X,3.57,921
159,pursuit,5.9,,Julius Caesar: The Pursuit of Power,3.67,149667
160,the quiet earth,6.8,,The Quiet Earth,3.52,314
161,radio free albemuth,5.8,169298.0,Radio Free Albemuth,3.8,5044
162,ready player one,7.5,,"Ready Player One (Ready Player One, #1)",4.28,678054
163,return from witch mountain,5.9,,Return from Witch Mountain,3.76,508
164,revenge of the stepford wives,4.8,,,,
165,riverworld,5.0,,"The Gods of Riverworld (Riverworld, #5)",3.62,3313
166,riverworld,5.0,,"The Gods of Riverworld (Riverworld, #5)",3.62,3313
167,riverworld,5.0,,"The Gods of Riverworld (Riverworld, #5)",3.62,3313
168,riverworld,5.0,,"The Gods of Riverworld (Riverworld, #5)",3.62,3313
169,the road,7.3,8025059.0,The Road,3.96,622235
170,the running man,6.7,,The Running Man,3.85,84096
171,the satan bug,6.2,,The Satan Bug,3.7,2229
172,sayonara jupiter,,,,,
173,a scanner darkly,7.1,5281537.0,A Scanner Darkly,4.03,72874
174,skullduggery,4.7,,Skullduggery,3.4,10
175,slapstick of another kind,2.2,,,,
176,slaughterhouse-five,6.9,,Slaughterhouse-Five,4.07,991321
177,solar crisis,3.8,,"Solar Dance: Genius, Forgery and the Crisis of Truth in the Modern Age",3.39,107
178,solaris,6.2,14780776.0,Solaris,3.98,58448
179,soldier,6.0,,"Sherman: Soldier, Realist, American",4.13,213
180,solo,3.9,,Solo,3.99,6707
181,somewhere in time,7.3,,Somewhere In Time,3.89,6168
182,la soupe aux choux,,,La soupe aux choux,3.97,60
183,soylent green,7.1,,Soylent Green,3.72,5729
184,stalker,8.1,268101.0,"Stalking Jack the Ripper (Stalking Jack the Ripper, #1)",4.02,28922
185,starship troopers,7.2,,Starship Troopers,4.0,165892
186,the stepford children,5.2,,"Articles on Films Based on IRA Levin's Works, Including: The Boys from Brazil (Film), the Stepford Wives (2004 Film), a Kiss Before Dying (1991 Film), the Stepford Wives (1975 Film), Rosemary's Baby (Film), the Stepford Children",1.0,1
187,the stepford husbands,4.5,,Stepford Husbands,2.75,12
188,the stepford wives,5.3,59341993.0,The Stepford Wives,3.74,24476
189,the strange world of planet x,4.9,,The Strange World of Planet X,3.0,1
190,the subterraneans,5.2,,Subterranean,4.02,20610
191,the damned,7.6,,"Damned (Damned, #1)",3.38,42437
192,they came from beyond space,4.5,,,,
193,the thing,8.1,,"Sweet Thing (Sweet Thing, #1)",3.99,15319
194,the thirteenth floor,7.0,,The Prisoners of the Thirteenth Floor,4.29,7
195,this island earth,5.9,,This Island Earth,3.66,135
196,the three-body problem,,,The Three-Body Problem (Remembrance of Earth’s Past #1),4.05,81680
197,the time machine,5.9,56684819.0,The Time Machine,3.88,348597
198,the time traveler's wife,7.1,63387284.0,The Time Traveler's Wife,3.96,1421978
199,timeline,5.6,19375474.0,Timeline,3.84,171624
200,timescape,6.3,,Timescape,3.73,9503
201,à ton image,4.8,,À ton image,2.0,4
202,a trip to the moon,8.2,,Moonwalk: The First Trip to the Moon,3.81,81
203,the tunnel under the world,,,The Tunnel Under the World,3.9,400
204,the two worlds of jennie logan,7.1,,,,
205,the ugly swans,,,The Ugly Swans,4.31,1265
206,village of the damned,5.6,,Retirement Village of the Damned,3.17,6
207,village of the damned,5.6,,Retirement Village of the Damned,3.17,6
208,village of the giants,3.3,,The Village Schoolmaster,3.3,40
209,vinyl,7.8,,Vinyl (Vinyl #1),4.14,400
210,virus,4.9,,The Hot Zone: The Terrifying True Story of the Origins of the Ebola Virus,4.11,84477
211,we,7.1,72700000.0,All the Light We Cannot See,4.33,752045
212,when worlds collide,6.7,,"When Worlds Collide (When Worlds Collide, #1)",3.91,1848
213,woman in the moon,7.4,,"Woman of the Sun, Woman of the Moon",3.57,23
214,world on a wire,7.9,,Ghost in the Wires: My Adventures as the World's Most Wanted Hacker,3.96,17523
215,"the world, the flesh and the devil",7.0,,"The World, the Flesh and the Devil",3.92,133
216,a wrinkle in time,4.2,,"A Wrinkle in Time (Time Quintet, #1)",4.02,829770
217,z for zachariah,6.0,118483.0,Z for Zachariah,3.65,12705
